SrNo	Timestamp	Sender's IP	Receiver's IP	Protocol Stack	Packets
349989	44:29.9	173.194.163.107	10.1.10.1	GQUIC	1378
349990	44:29.9	173.194.163.107	10.1.10.1	GQUIC	1378
349991	44:29.9	173.194.163.107	10.1.10.1	GQUIC	1378
349992	44:29.9	173.194.163.107	10.1.10.1	GQUIC	1378
349993	44:29.9	173.194.163.107	10.1.10.1	GQUIC	1378
349994	44:29.9	173.194.163.107	10.1.10.1	GQUIC	1378
349995	44:29.9	173.194.163.107	10.1.10.1	GQUIC	1378
349996	44:29.9	173.194.163.107	10.1.10.1	GQUIC	1378
349997	44:29.9	173.194.163.107	10.1.10.1	GQUIC	1378
349998	44:29.9	173.194.163.107	10.1.10.1	GQUIC	1378
349999	44:29.9	173.194.163.107	10.1.10.1	GQUIC	1378
350000	44:29.9	173.194.163.107	10.1.10.1	GQUIC	1378
350001	44:29.9	173.194.163.107	10.1.10.1	GQUIC	1378
350002	44:29.9	173.194.163.107	10.1.10.1	GQUIC	1378
350003	44:29.9	173.194.163.107	10.1.10.1	GQUIC	1378
350004	44:29.9	173.194.163.107	10.1.10.1	GQUIC	1378
350005	44:29.9	173.194.163.107	10.1.10.1	GQUIC	1378
350006	44:29.9	173.194.163.107	10.1.10.1	GQUIC	1378
350007	44:29.9	173.194.163.107	10.1.10.1	GQUIC	1378
350008	44:29.9	173.194.163.107	10.1.10.1	GQUIC	1378
350009	44:29.9	173.194.163.107	10.1.10.1	GQUIC	1378
350010	44:29.9	173.194.163.107	10.1.10.1	GQUIC	1378
350011	44:29.9	173.194.163.107	10.1.10.1	GQUIC	1378
350012	44:29.9	173.194.163.107	10.1.10.1	GQUIC	1378
350013	44:29.9	173.194.163.107	10.1.10.1	GQUIC	1378
350014	44:29.9	173.194.163.107	10.1.10.1	GQUIC	1378
350015	44:29.9	173.194.163.107	10.1.10.1	GQUIC	1378
350016	44:29.9	173.194.163.107	10.1.10.1	GQUIC	1378
350017	44:29.9	173.194.163.107	10.1.10.1	GQUIC	1378
350018	44:29.9	173.194.163.107	10.1.10.1	GQUIC	1378
350019	44:29.9	173.194.163.107	10.1.10.1	GQUIC	1378
350020	44:29.9	173.194.163.107	10.1.10.1	GQUIC	1378
350021	44:29.9	173.194.163.107	10.1.10.1	GQUIC	1378
350022	44:29.9	173.194.163.107	10.1.10.1	GQUIC	1378
350023	44:29.9	173.194.163.107	10.1.10.1	GQUIC	1378
350024	44:29.9	173.194.163.107	10.1.10.1	GQUIC	1378
350025	44:29.9	173.194.163.107	10.1.10.1	GQUIC	1378
350026	44:29.9	173.194.163.107	10.1.10.1	GQUIC	1378
350027	44:29.9	173.194.163.107	10.1.10.1	GQUIC	1378
350028	44:29.9	173.194.163.107	10.1.10.1	GQUIC	1378
350029	44:29.9	173.194.163.107	10.1.10.1	GQUIC	1378
350030	44:29.9	173.194.163.107	10.1.10.1	GQUIC	1378
350031	44:29.9	173.194.163.107	10.1.10.1	GQUIC	1378
350032	44:29.9	173.194.163.107	10.1.10.1	GQUIC	1378
350033	44:29.9	173.194.163.107	10.1.10.1	GQUIC	1378
350034	44:29.9	173.194.163.107	10.1.10.1	GQUIC	1378
350035	44:29.9	173.194.163.107	10.1.10.1	GQUIC	1378
350036	44:29.9	173.194.163.107	10.1.10.1	GQUIC	1378
350037	44:29.9	173.194.163.107	10.1.10.1	GQUIC	1378
350038	44:29.9	173.194.163.107	10.1.10.1	GQUIC	1378
350039	44:29.9	173.194.163.107	10.1.10.1	GQUIC	1378
350040	44:29.9	173.194.163.107	10.1.10.1	GQUIC	1378
350041	44:29.9	173.194.163.107	10.1.10.1	GQUIC	1378
350042	44:29.9	173.194.163.107	10.1.10.1	GQUIC	1378
350043	44:29.9	173.194.163.107	10.1.10.1	GQUIC	1378
350044	44:29.9	173.194.163.107	10.1.10.1	GQUIC	1378
350045	44:29.9	173.194.163.107	10.1.10.1	GQUIC	1378
350046	44:29.9	173.194.163.107	10.1.10.1	GQUIC	1378
350047	44:29.9	173.194.163.107	10.1.10.1	GQUIC	1236
350048	44:29.9	173.194.163.107	10.1.10.1	GQUIC	1378
350049	44:29.9	173.194.163.107	10.1.10.1	GQUIC	1378
350050	44:29.9	173.194.163.107	10.1.10.1	GQUIC	1378
350051	44:29.9	173.194.163.107	10.1.10.1	GQUIC	1378
350052	44:29.9	173.194.163.107	10.1.10.1	GQUIC	1378
350053	44:29.9	173.194.163.107	10.1.10.1	GQUIC	1378
350054	44:29.9	173.194.163.107	10.1.10.1	GQUIC	1378
350055	44:29.9	173.194.163.107	10.1.10.1	GQUIC	1378
350056	44:29.9	173.194.163.107	10.1.10.1	GQUIC	1378
350057	44:29.9	173.194.163.107	10.1.10.1	GQUIC	1378
350058	44:29.9	10.1.10.1	173.194.163.107	GQUIC	57
350059	44:29.9	10.1.10.1	173.194.163.107	GQUIC	57
350060	44:29.9	10.1.10.1	173.194.163.107	GQUIC	57
350061	44:29.9	10.1.10.1	173.194.163.107	GQUIC	57
350062	44:29.9	10.1.10.1	173.194.163.107	GQUIC	57
350063	44:29.9	10.1.10.1	173.194.163.107	GQUIC	57
350064	44:29.9	10.1.10.1	173.194.163.107	GQUIC	62
350065	44:29.9	10.1.10.1	173.194.163.107	GQUIC	62
350066	44:29.9	10.1.10.1	173.194.163.107	GQUIC	62
350067	44:29.9	173.194.163.107	10.1.10.1	GQUIC	1378
350068	44:29.9	173.194.163.107	10.1.10.1	GQUIC	1378
350069	44:29.9	173.194.163.107	10.1.10.1	GQUIC	1378
350070	44:29.9	173.194.163.107	10.1.10.1	GQUIC	1378
350071	44:29.9	173.194.163.107	10.1.10.1	GQUIC	1378
350072	44:29.9	173.194.163.107	10.1.10.1	GQUIC	1378
350073	44:29.9	173.194.163.107	10.1.10.1	GQUIC	1378
350074	44:29.9	173.194.163.107	10.1.10.1	GQUIC	1378
350075	44:29.9	173.194.163.107	10.1.10.1	GQUIC	1378
350076	44:29.9	173.194.163.107	10.1.10.1	GQUIC	1378
350077	44:29.9	173.194.163.107	10.1.10.1	GQUIC	1378
350078	44:29.9	173.194.163.107	10.1.10.1	GQUIC	1378
350079	44:29.9	173.194.163.107	10.1.10.1	GQUIC	1378
350080	44:29.9	173.194.163.107	10.1.10.1	GQUIC	1378
350081	44:29.9	173.194.163.107	10.1.10.1	GQUIC	1378
350082	44:29.9	173.194.163.107	10.1.10.1	GQUIC	1378
350083	44:29.9	173.194.163.107	10.1.10.1	GQUIC	1378
350084	44:29.9	173.194.163.107	10.1.10.1	GQUIC	1378
350085	44:29.9	173.194.163.107	10.1.10.1	GQUIC	1378
350086	44:29.9	173.194.163.107	10.1.10.1	GQUIC	1378
350087	44:29.9	173.194.163.107	10.1.10.1	GQUIC	1378
350088	44:29.9	173.194.163.107	10.1.10.1	GQUIC	1378
350089	44:29.9	173.194.163.107	10.1.10.1	GQUIC	1378
350090	44:29.9	173.194.163.107	10.1.10.1	GQUIC	1378
350091	44:29.9	173.194.163.107	10.1.10.1	GQUIC	1378
350092	44:29.9	173.194.163.107	10.1.10.1	GQUIC	1378
350093	44:29.9	173.194.163.107	10.1.10.1	GQUIC	1378
350094	44:29.9	173.194.163.107	10.1.10.1	GQUIC	1378
350095	44:29.9	173.194.163.107	10.1.10.1	GQUIC	1378
350096	44:29.9	173.194.163.107	10.1.10.1	GQUIC	1378
350097	44:29.9	173.194.163.107	10.1.10.1	GQUIC	1378
350098	44:29.9	173.194.163.107	10.1.10.1	GQUIC	1378
350099	44:29.9	173.194.163.107	10.1.10.1	GQUIC	1378
350100	44:29.9	173.194.163.107	10.1.10.1	GQUIC	1378
350101	44:29.9	173.194.163.107	10.1.10.1	GQUIC	1378
350102	44:29.9	173.194.163.107	10.1.10.1	GQUIC	1378
350103	44:29.9	173.194.163.107	10.1.10.1	GQUIC	1378
350104	44:29.9	173.194.163.107	10.1.10.1	GQUIC	1378
350105	44:29.9	173.194.163.107	10.1.10.1	GQUIC	1378
350106	44:29.9	173.194.163.107	10.1.10.1	GQUIC	1378
350107	44:29.9	173.194.163.107	10.1.10.1	GQUIC	1378
350108	44:29.9	173.194.163.107	10.1.10.1	GQUIC	1378
350109	44:29.9	173.194.163.107	10.1.10.1	GQUIC	1378
350110	44:29.9	173.194.163.107	10.1.10.1	GQUIC	1378
350111	44:29.9	173.194.163.107	10.1.10.1	GQUIC	1378
350112	44:29.9	173.194.163.107	10.1.10.1	GQUIC	1378
350113	44:29.9	173.194.163.107	10.1.10.1	GQUIC	1378
350114	44:29.9	173.194.163.107	10.1.10.1	GQUIC	1378
350115	44:29.9	173.194.163.107	10.1.10.1	GQUIC	289
350116	44:29.9	173.194.163.107	10.1.10.1	GQUIC	50
350117	44:29.9	173.194.163.107	10.1.10.1	GQUIC	1371
350118	44:29.9	10.1.10.1	173.194.163.107	GQUIC	62
350119	44:29.9	10.1.10.1	173.194.163.107	GQUIC	62
350120	44:29.9	10.1.10.1	173.194.163.107	GQUIC	62
350121	44:29.9	10.1.10.1	173.194.163.107	GQUIC	62
350122	44:29.9	173.194.163.107	10.1.10.1	GQUIC	1378
350123	44:29.9	173.194.163.107	10.1.10.1	GQUIC	1378
350124	44:29.9	10.1.10.1	173.194.163.107	GQUIC	57
350125	44:29.9	173.194.163.107	10.1.10.1	GQUIC	62
350126	44:30.0	10.1.10.1	173.194.163.107	GQUIC	57
350127	44:30.0	173.194.163.107	10.1.10.1	GQUIC	1378
350128	44:30.0	10.1.10.1	173.194.163.107	GQUIC	57
350129	44:30.1	10.1.10.1	173.194.163.107	GQUIC	589
350130	44:30.1	10.1.10.1	173.194.163.107	GQUIC	589
350131	44:30.1	173.194.163.107	10.1.10.1	GQUIC	50
350132	44:30.2	173.194.163.107	10.1.10.1	GQUIC	50
350133	44:30.2	173.194.163.107	10.1.10.1	GQUIC	1378
350134	44:30.2	173.194.163.107	10.1.10.1	GQUIC	1378
350135	44:30.2	173.194.163.107	10.1.10.1	GQUIC	1378
350136	44:30.2	173.194.163.107	10.1.10.1	GQUIC	1378
350137	44:30.2	173.194.163.107	10.1.10.1	GQUIC	1378
350138	44:30.2	173.194.163.107	10.1.10.1	GQUIC	1378
350139	44:30.2	173.194.163.107	10.1.10.1	GQUIC	1378
350140	44:30.2	173.194.163.107	10.1.10.1	GQUIC	1378
350141	44:30.2	173.194.163.107	10.1.10.1	GQUIC	1378
350142	44:30.2	173.194.163.107	10.1.10.1	GQUIC	1378
350143	44:30.2	173.194.163.107	10.1.10.1	GQUIC	1378
350144	44:30.2	173.194.163.107	10.1.10.1	GQUIC	1378
350145	44:30.2	173.194.163.107	10.1.10.1	GQUIC	1378
350146	44:30.2	173.194.163.107	10.1.10.1	GQUIC	1378
350147	44:30.2	173.194.163.107	10.1.10.1	GQUIC	1378
350148	44:30.2	173.194.163.107	10.1.10.1	GQUIC	1378
350149	44:30.2	173.194.163.107	10.1.10.1	GQUIC	1378
350150	44:30.2	173.194.163.107	10.1.10.1	GQUIC	1378
350151	44:30.2	173.194.163.107	10.1.10.1	GQUIC	1378
350152	44:30.2	173.194.163.107	10.1.10.1	GQUIC	1378
350153	44:30.2	173.194.163.107	10.1.10.1	GQUIC	1378
350154	44:30.2	173.194.163.107	10.1.10.1	GQUIC	1378
350155	44:30.2	173.194.163.107	10.1.10.1	GQUIC	1378
350156	44:30.2	173.194.163.107	10.1.10.1	GQUIC	1378
350157	44:30.2	173.194.163.107	10.1.10.1	GQUIC	1378
350158	44:30.2	173.194.163.107	10.1.10.1	GQUIC	1378
350159	44:30.2	173.194.163.107	10.1.10.1	GQUIC	1378
350160	44:30.2	173.194.163.107	10.1.10.1	GQUIC	1378
350161	44:30.2	173.194.163.107	10.1.10.1	GQUIC	1378
350162	44:30.2	173.194.163.107	10.1.10.1	GQUIC	1378
350163	44:30.2	173.194.163.107	10.1.10.1	GQUIC	1378
350164	44:30.2	173.194.163.107	10.1.10.1	GQUIC	1378
350165	44:30.2	173.194.163.107	10.1.10.1	GQUIC	1378
350166	44:30.2	173.194.163.107	10.1.10.1	GQUIC	1378
350167	44:30.2	173.194.163.107	10.1.10.1	GQUIC	1378
350168	44:30.2	173.194.163.107	10.1.10.1	GQUIC	1378
350169	44:30.2	173.194.163.107	10.1.10.1	GQUIC	1378
350170	44:30.2	173.194.163.107	10.1.10.1	GQUIC	1378
350171	44:30.2	173.194.163.107	10.1.10.1	GQUIC	1378
350172	44:30.2	173.194.163.107	10.1.10.1	GQUIC	1378
350173	44:30.2	173.194.163.107	10.1.10.1	GQUIC	1378
350174	44:30.2	173.194.163.107	10.1.10.1	GQUIC	1378
350175	44:30.2	173.194.163.107	10.1.10.1	GQUIC	1378
350176	44:30.2	173.194.163.107	10.1.10.1	GQUIC	1378
350177	44:30.2	173.194.163.107	10.1.10.1	GQUIC	1378
350178	44:30.2	173.194.163.107	10.1.10.1	GQUIC	1378
350179	44:30.2	173.194.163.107	10.1.10.1	GQUIC	1378
350180	44:30.2	173.194.163.107	10.1.10.1	GQUIC	1378
350181	44:30.2	173.194.163.107	10.1.10.1	GQUIC	1110
350182	44:30.2	173.194.163.107	10.1.10.1	GQUIC	1378
350183	44:30.2	173.194.163.107	10.1.10.1	GQUIC	1378
350184	44:30.2	173.194.163.107	10.1.10.1	GQUIC	1378
350185	44:30.2	173.194.163.107	10.1.10.1	GQUIC	1378
350186	44:30.2	173.194.163.107	10.1.10.1	GQUIC	1378
350187	44:30.2	173.194.163.107	10.1.10.1	GQUIC	1378
350188	44:30.2	173.194.163.107	10.1.10.1	GQUIC	1378
350189	44:30.2	173.194.163.107	10.1.10.1	GQUIC	1378
350190	44:30.2	173.194.163.107	10.1.10.1	GQUIC	1378
350191	44:30.2	173.194.163.107	10.1.10.1	GQUIC	1378
350192	44:30.2	173.194.163.107	10.1.10.1	GQUIC	1378
350193	44:30.2	173.194.163.107	10.1.10.1	GQUIC	1378
350194	44:30.2	173.194.163.107	10.1.10.1	GQUIC	1378
350195	44:30.2	173.194.163.107	10.1.10.1	GQUIC	1378
350196	44:30.2	173.194.163.107	10.1.10.1	GQUIC	1378
350197	44:30.2	173.194.163.107	10.1.10.1	GQUIC	1378
350198	44:30.2	173.194.163.107	10.1.10.1	GQUIC	1378
350199	44:30.3	173.194.163.107	10.1.10.1	GQUIC	1378
350200	44:30.3	173.194.163.107	10.1.10.1	GQUIC	1378
350201	44:30.3	173.194.163.107	10.1.10.1	GQUIC	1378
350202	44:30.3	173.194.163.107	10.1.10.1	GQUIC	1378
350203	44:30.3	173.194.163.107	10.1.10.1	GQUIC	1378
350204	44:30.3	173.194.163.107	10.1.10.1	GQUIC	1378
350205	44:30.3	173.194.163.107	10.1.10.1	GQUIC	1378
350206	44:30.3	173.194.163.107	10.1.10.1	GQUIC	1378
350207	44:30.3	173.194.163.107	10.1.10.1	GQUIC	1378
350208	44:30.3	173.194.163.107	10.1.10.1	GQUIC	1378
350209	44:30.3	173.194.163.107	10.1.10.1	GQUIC	1378
350210	44:30.3	173.194.163.107	10.1.10.1	GQUIC	1378
350211	44:30.3	173.194.163.107	10.1.10.1	GQUIC	1378
350212	44:30.3	173.194.163.107	10.1.10.1	GQUIC	1378
350213	44:30.3	173.194.163.107	10.1.10.1	GQUIC	1378
350214	44:30.3	173.194.163.107	10.1.10.1	GQUIC	1378
350215	44:30.3	173.194.163.107	10.1.10.1	GQUIC	1378
350216	44:30.3	173.194.163.107	10.1.10.1	GQUIC	1378
350217	44:30.3	173.194.163.107	10.1.10.1	GQUIC	1378
350218	44:30.3	173.194.163.107	10.1.10.1	GQUIC	1378
350219	44:30.3	173.194.163.107	10.1.10.1	GQUIC	1378
350220	44:30.3	173.194.163.107	10.1.10.1	GQUIC	1378
350221	44:30.3	173.194.163.107	10.1.10.1	GQUIC	1378
350222	44:30.3	173.194.163.107	10.1.10.1	GQUIC	1378
350223	44:30.3	173.194.163.107	10.1.10.1	GQUIC	1378
350224	44:30.3	173.194.163.107	10.1.10.1	GQUIC	1378
350225	44:30.3	173.194.163.107	10.1.10.1	GQUIC	1378
350226	44:30.3	173.194.163.107	10.1.10.1	GQUIC	1378
350227	44:30.3	173.194.163.107	10.1.10.1	GQUIC	1378
350228	44:30.3	173.194.163.107	10.1.10.1	GQUIC	1378
350229	44:30.3	173.194.163.107	10.1.10.1	GQUIC	1378
350230	44:30.3	173.194.163.107	10.1.10.1	GQUIC	1378
350231	44:30.3	173.194.163.107	10.1.10.1	GQUIC	1378
350232	44:30.3	173.194.163.107	10.1.10.1	GQUIC	1378
350233	44:30.3	173.194.163.107	10.1.10.1	GQUIC	1378
350234	44:30.3	173.194.163.107	10.1.10.1	GQUIC	1378
350235	44:30.3	173.194.163.107	10.1.10.1	GQUIC	1378
350236	44:30.3	173.194.163.107	10.1.10.1	GQUIC	1378
350237	44:30.3	173.194.163.107	10.1.10.1	GQUIC	1378
350238	44:30.3	173.194.163.107	10.1.10.1	GQUIC	1378
350239	44:30.3	173.194.163.107	10.1.10.1	GQUIC	1378
350240	44:30.3	173.194.163.107	10.1.10.1	GQUIC	1378
350241	44:30.3	173.194.163.107	10.1.10.1	GQUIC	1378
350242	44:30.3	173.194.163.107	10.1.10.1	GQUIC	1378
350243	44:30.3	173.194.163.107	10.1.10.1	GQUIC	1378
350244	44:30.3	173.194.163.107	10.1.10.1	GQUIC	1378
350245	44:30.3	173.194.163.107	10.1.10.1	GQUIC	1378
350246	44:30.3	173.194.163.107	10.1.10.1	GQUIC	1378
350247	44:30.3	173.194.163.107	10.1.10.1	GQUIC	1378
350248	44:30.3	173.194.163.107	10.1.10.1	GQUIC	1378
350249	44:30.3	173.194.163.107	10.1.10.1	GQUIC	1378
350250	44:30.3	10.1.10.1	173.194.163.107	GQUIC	57
350251	44:30.3	10.1.10.1	173.194.163.107	GQUIC	57
350252	44:30.3	10.1.10.1	173.194.163.107	GQUIC	57
350253	44:30.3	10.1.10.1	173.194.163.107	GQUIC	57
350254	44:30.3	10.1.10.1	173.194.163.107	GQUIC	57
350255	44:30.3	10.1.10.1	173.194.163.107	GQUIC	57
350256	44:30.3	10.1.10.1	173.194.163.107	GQUIC	57
350257	44:30.3	10.1.10.1	173.194.163.107	GQUIC	57
350258	44:30.3	10.1.10.1	173.194.163.107	GQUIC	57
350259	44:30.3	10.1.10.1	173.194.163.107	GQUIC	57
350260	44:30.3	10.1.10.1	173.194.163.107	GQUIC	57
350261	44:30.3	10.1.10.1	173.194.163.107	GQUIC	57
350262	44:30.3	10.1.10.1	173.194.163.107	GQUIC	57
350263	44:30.3	173.194.163.107	10.1.10.1	GQUIC	1378
350264	44:30.3	173.194.163.107	10.1.10.1	GQUIC	1378
350265	44:30.3	173.194.163.107	10.1.10.1	GQUIC	848
350266	44:30.3	173.194.163.107	10.1.10.1	GQUIC	1378
350267	44:30.3	10.1.10.1	173.194.163.107	GQUIC	57
350268	44:30.3	10.1.10.1	173.194.163.107	GQUIC	57
350269	44:30.3	173.194.163.107	10.1.10.1	GQUIC	1378
350270	44:30.3	10.1.10.1	173.194.163.107	GQUIC	57
350271	44:34.6	10.1.10.1	173.194.163.107	GQUIC	590
350272	44:34.6	10.1.10.1	173.194.163.107	GQUIC	590
350273	44:34.6	173.194.163.107	10.1.10.1	GQUIC	1378
350274	44:34.6	173.194.163.107	10.1.10.1	GQUIC	1378
350275	44:34.6	173.194.163.107	10.1.10.1	GQUIC	1378
350276	44:34.6	173.194.163.107	10.1.10.1	GQUIC	1378
350277	44:34.6	173.194.163.107	10.1.10.1	GQUIC	1378
350278	44:34.6	173.194.163.107	10.1.10.1	GQUIC	1378
350279	44:34.6	173.194.163.107	10.1.10.1	GQUIC	1378
350280	44:34.6	173.194.163.107	10.1.10.1	GQUIC	1378
350281	44:34.6	173.194.163.107	10.1.10.1	GQUIC	1378
350282	44:34.6	173.194.163.107	10.1.10.1	GQUIC	1378
350283	44:34.6	173.194.163.107	10.1.10.1	GQUIC	1378
350284	44:34.6	173.194.163.107	10.1.10.1	GQUIC	1378
350285	44:34.6	173.194.163.107	10.1.10.1	GQUIC	1378
350286	44:34.6	173.194.163.107	10.1.10.1	GQUIC	1378
350287	44:34.6	173.194.163.107	10.1.10.1	GQUIC	1378
350288	44:34.7	173.194.163.107	10.1.10.1	GQUIC	1378
350289	44:34.7	173.194.163.107	10.1.10.1	GQUIC	1378
350290	44:34.7	173.194.163.107	10.1.10.1	GQUIC	1378
350291	44:34.7	173.194.163.107	10.1.10.1	GQUIC	1378
350292	44:34.7	173.194.163.107	10.1.10.1	GQUIC	1378
350293	44:34.7	173.194.163.107	10.1.10.1	GQUIC	1378
350294	44:34.7	173.194.163.107	10.1.10.1	GQUIC	1378
350295	44:34.7	173.194.163.107	10.1.10.1	GQUIC	1378
350296	44:34.7	173.194.163.107	10.1.10.1	GQUIC	1378
350297	44:34.7	173.194.163.107	10.1.10.1	GQUIC	294
350298	44:34.7	173.194.163.107	10.1.10.1	GQUIC	1378
350299	44:34.7	173.194.163.107	10.1.10.1	GQUIC	1378
350300	44:34.7	173.194.163.107	10.1.10.1	GQUIC	1378
350301	44:34.7	173.194.163.107	10.1.10.1	GQUIC	1378
350302	44:34.7	173.194.163.107	10.1.10.1	GQUIC	1378
350303	44:34.7	173.194.163.107	10.1.10.1	GQUIC	1378
350304	44:34.7	173.194.163.107	10.1.10.1	GQUIC	1378
350305	44:34.7	173.194.163.107	10.1.10.1	GQUIC	1378
350306	44:34.7	173.194.163.107	10.1.10.1	GQUIC	1378
350307	44:34.7	173.194.163.107	10.1.10.1	GQUIC	1378
350308	44:34.7	173.194.163.107	10.1.10.1	GQUIC	1378
350309	44:34.7	173.194.163.107	10.1.10.1	GQUIC	1378
350310	44:34.7	173.194.163.107	10.1.10.1	GQUIC	1378
350311	44:34.7	173.194.163.107	10.1.10.1	GQUIC	1378
350312	44:34.7	173.194.163.107	10.1.10.1	GQUIC	1378
350313	44:34.7	173.194.163.107	10.1.10.1	GQUIC	1378
350314	44:34.7	173.194.163.107	10.1.10.1	GQUIC	1378
350315	44:34.7	173.194.163.107	10.1.10.1	GQUIC	1378
350316	44:34.7	173.194.163.107	10.1.10.1	GQUIC	1378
350317	44:34.7	173.194.163.107	10.1.10.1	GQUIC	1378
350318	44:34.7	173.194.163.107	10.1.10.1	GQUIC	1378
350319	44:34.7	173.194.163.107	10.1.10.1	GQUIC	1378
350320	44:34.7	173.194.163.107	10.1.10.1	GQUIC	1378
350321	44:34.7	173.194.163.107	10.1.10.1	GQUIC	1378
350322	44:34.7	173.194.163.107	10.1.10.1	GQUIC	871
350323	44:34.7	173.194.163.107	10.1.10.1	GQUIC	1378
350324	44:34.7	173.194.163.107	10.1.10.1	GQUIC	1378
350325	44:34.7	173.194.163.107	10.1.10.1	GQUIC	1378
350326	44:34.7	173.194.163.107	10.1.10.1	GQUIC	1378
350327	44:34.7	173.194.163.107	10.1.10.1	GQUIC	1378
350328	44:34.7	173.194.163.107	10.1.10.1	GQUIC	1378
350329	44:34.7	173.194.163.107	10.1.10.1	GQUIC	1378
350330	44:34.7	173.194.163.107	10.1.10.1	GQUIC	1378
350331	44:34.7	173.194.163.107	10.1.10.1	GQUIC	1378
350332	44:34.7	173.194.163.107	10.1.10.1	GQUIC	1378
350333	44:34.7	173.194.163.107	10.1.10.1	GQUIC	1378
350334	44:34.7	173.194.163.107	10.1.10.1	GQUIC	1378
350335	44:34.7	173.194.163.107	10.1.10.1	GQUIC	1378
350336	44:34.7	173.194.163.107	10.1.10.1	GQUIC	1378
350337	44:34.7	173.194.163.107	10.1.10.1	GQUIC	1378
350338	44:34.7	173.194.163.107	10.1.10.1	GQUIC	1378
350339	44:34.7	173.194.163.107	10.1.10.1	GQUIC	1378
350340	44:34.7	173.194.163.107	10.1.10.1	GQUIC	1378
350341	44:34.7	173.194.163.107	10.1.10.1	GQUIC	1378
350342	44:34.7	173.194.163.107	10.1.10.1	GQUIC	1378
350343	44:34.7	173.194.163.107	10.1.10.1	GQUIC	1378
350344	44:34.7	173.194.163.107	10.1.10.1	GQUIC	1378
350345	44:34.7	173.194.163.107	10.1.10.1	GQUIC	1378
350346	44:34.7	173.194.163.107	10.1.10.1	GQUIC	1378
350347	44:34.7	173.194.163.107	10.1.10.1	GQUIC	1378
350348	44:34.7	173.194.163.107	10.1.10.1	GQUIC	1378
350349	44:34.7	173.194.163.107	10.1.10.1	GQUIC	1378
350350	44:34.7	173.194.163.107	10.1.10.1	GQUIC	1378
350351	44:34.7	173.194.163.107	10.1.10.1	GQUIC	1378
350352	44:34.7	173.194.163.107	10.1.10.1	GQUIC	1378
350353	44:34.7	173.194.163.107	10.1.10.1	GQUIC	1378
350354	44:34.7	173.194.163.107	10.1.10.1	GQUIC	1378
350355	44:34.7	173.194.163.107	10.1.10.1	GQUIC	1378
350356	44:34.7	173.194.163.107	10.1.10.1	GQUIC	1378
350357	44:34.7	173.194.163.107	10.1.10.1	GQUIC	1378
350358	44:34.7	173.194.163.107	10.1.10.1	GQUIC	1378
350359	44:34.7	173.194.163.107	10.1.10.1	GQUIC	1378
350360	44:34.7	173.194.163.107	10.1.10.1	GQUIC	1378
350361	44:34.7	173.194.163.107	10.1.10.1	GQUIC	1378
350362	44:34.7	173.194.163.107	10.1.10.1	GQUIC	1378
350363	44:34.7	173.194.163.107	10.1.10.1	GQUIC	1378
350364	44:34.7	173.194.163.107	10.1.10.1	GQUIC	1378
350365	44:34.7	173.194.163.107	10.1.10.1	GQUIC	1378
350366	44:34.7	173.194.163.107	10.1.10.1	GQUIC	1378
350367	44:34.7	173.194.163.107	10.1.10.1	GQUIC	1378
350368	44:34.7	173.194.163.107	10.1.10.1	GQUIC	1378
350369	44:34.7	173.194.163.107	10.1.10.1	GQUIC	1378
350370	44:34.7	173.194.163.107	10.1.10.1	GQUIC	1378
350371	44:34.7	173.194.163.107	10.1.10.1	GQUIC	1378
350372	44:34.7	173.194.163.107	10.1.10.1	GQUIC	1378
350373	44:34.7	173.194.163.107	10.1.10.1	GQUIC	1378
350374	44:34.7	173.194.163.107	10.1.10.1	GQUIC	1378
350375	44:34.7	173.194.163.107	10.1.10.1	GQUIC	1378
350376	44:34.7	173.194.163.107	10.1.10.1	GQUIC	1378
350377	44:34.7	173.194.163.107	10.1.10.1	GQUIC	1378
350378	44:34.7	173.194.163.107	10.1.10.1	GQUIC	1378
350379	44:34.7	173.194.163.107	10.1.10.1	GQUIC	1378
350380	44:34.7	173.194.163.107	10.1.10.1	GQUIC	1378
350381	44:34.7	173.194.163.107	10.1.10.1	GQUIC	1378
350382	44:34.7	173.194.163.107	10.1.10.1	GQUIC	1378
350383	44:34.7	173.194.163.107	10.1.10.1	GQUIC	1378
350384	44:34.7	173.194.163.107	10.1.10.1	GQUIC	1378
350385	44:34.7	173.194.163.107	10.1.10.1	GQUIC	1378
350386	44:34.7	173.194.163.107	10.1.10.1	GQUIC	1378
350387	44:34.7	173.194.163.107	10.1.10.1	GQUIC	1378
350388	44:34.7	173.194.163.107	10.1.10.1	GQUIC	1378
350389	44:34.7	173.194.163.107	10.1.10.1	GQUIC	1378
350390	44:34.7	173.194.163.107	10.1.10.1	GQUIC	1378
350391	44:34.7	173.194.163.107	10.1.10.1	GQUIC	1378
350392	44:34.7	173.194.163.107	10.1.10.1	GQUIC	1378
350393	44:34.7	173.194.163.107	10.1.10.1	GQUIC	1378
350394	44:34.7	173.194.163.107	10.1.10.1	GQUIC	1378
350395	44:34.7	173.194.163.107	10.1.10.1	GQUIC	1378
350396	44:34.7	173.194.163.107	10.1.10.1	GQUIC	1261
350397	44:34.7	173.194.163.107	10.1.10.1	GQUIC	1378
350398	44:34.7	173.194.163.107	10.1.10.1	GQUIC	1378
350399	44:34.7	173.194.163.107	10.1.10.1	GQUIC	1378
350400	44:34.7	173.194.163.107	10.1.10.1	GQUIC	1378
350401	44:34.7	173.194.163.107	10.1.10.1	GQUIC	1378
350402	44:34.7	173.194.163.107	10.1.10.1	GQUIC	1378
350403	44:34.7	173.194.163.107	10.1.10.1	GQUIC	1378
350404	44:34.7	173.194.163.107	10.1.10.1	GQUIC	1378
350405	44:34.7	173.194.163.107	10.1.10.1	GQUIC	1378
350406	44:34.7	173.194.163.107	10.1.10.1	GQUIC	1378
350407	44:34.7	173.194.163.107	10.1.10.1	GQUIC	1378
350408	44:34.7	173.194.163.107	10.1.10.1	GQUIC	1378
350409	44:34.7	173.194.163.107	10.1.10.1	GQUIC	1378
350410	44:34.7	173.194.163.107	10.1.10.1	GQUIC	1378
350411	44:34.7	173.194.163.107	10.1.10.1	GQUIC	1378
350412	44:34.7	173.194.163.107	10.1.10.1	GQUIC	1378
350413	44:34.7	173.194.163.107	10.1.10.1	GQUIC	1378
350414	44:34.7	173.194.163.107	10.1.10.1	GQUIC	1378
350415	44:34.7	173.194.163.107	10.1.10.1	GQUIC	1378
350416	44:34.7	173.194.163.107	10.1.10.1	GQUIC	1378
350417	44:34.7	173.194.163.107	10.1.10.1	GQUIC	1378
350418	44:34.7	173.194.163.107	10.1.10.1	GQUIC	1378
350419	44:34.7	173.194.163.107	10.1.10.1	GQUIC	586
350420	44:34.7	173.194.163.107	10.1.10.1	GQUIC	50
350421	44:34.7	10.1.10.1	173.194.163.107	GQUIC	57
350422	44:34.7	10.1.10.1	173.194.163.107	GQUIC	57
350423	44:34.7	10.1.10.1	173.194.163.107	GQUIC	57
350424	44:34.7	10.1.10.1	173.194.163.107	GQUIC	57
350425	44:34.7	10.1.10.1	173.194.163.107	GQUIC	57
350426	44:34.7	10.1.10.1	173.194.163.107	GQUIC	57
350427	44:34.7	10.1.10.1	173.194.163.107	GQUIC	57
350428	44:34.7	10.1.10.1	173.194.163.107	GQUIC	57
350429	44:34.7	10.1.10.1	173.194.163.107	GQUIC	57
350430	44:34.7	10.1.10.1	173.194.163.107	GQUIC	57
350431	44:34.7	10.1.10.1	173.194.163.107	GQUIC	57
350432	44:34.7	10.1.10.1	173.194.163.107	GQUIC	57
350433	44:34.7	10.1.10.1	173.194.163.107	GQUIC	57
350434	44:34.7	173.194.163.107	10.1.10.1	GQUIC	1371
350435	44:34.7	10.1.10.1	173.194.163.107	GQUIC	57
350436	44:34.8	173.194.163.107	10.1.10.1	GQUIC	1378
350437	44:34.8	173.194.163.107	10.1.10.1	GQUIC	54
350438	44:34.8	10.1.10.1	173.194.163.107	GQUIC	57
350439	44:35.1	10.1.10.1	173.194.163.107	GQUIC	589
350440	44:35.1	10.1.10.1	173.194.163.107	GQUIC	589
350441	44:35.1	173.194.163.107	10.1.10.1	GQUIC	1378
350442	44:35.1	173.194.163.107	10.1.10.1	GQUIC	1378
350443	44:35.1	173.194.163.107	10.1.10.1	GQUIC	1378
350444	44:35.1	173.194.163.107	10.1.10.1	GQUIC	1378
350445	44:35.1	173.194.163.107	10.1.10.1	GQUIC	1378
350446	44:35.1	173.194.163.107	10.1.10.1	GQUIC	1378
350447	44:35.1	173.194.163.107	10.1.10.1	GQUIC	1378
350448	44:35.1	173.194.163.107	10.1.10.1	GQUIC	1378
350449	44:35.1	173.194.163.107	10.1.10.1	GQUIC	1378
350450	44:35.1	173.194.163.107	10.1.10.1	GQUIC	1378
350451	44:35.1	173.194.163.107	10.1.10.1	GQUIC	1378
350452	44:35.1	173.194.163.107	10.1.10.1	GQUIC	1378
350453	44:35.1	173.194.163.107	10.1.10.1	GQUIC	1378
350454	44:35.1	173.194.163.107	10.1.10.1	GQUIC	1378
350455	44:35.1	173.194.163.107	10.1.10.1	GQUIC	1378
350456	44:35.1	173.194.163.107	10.1.10.1	GQUIC	1378
350457	44:35.1	173.194.163.107	10.1.10.1	GQUIC	1378
350458	44:35.1	173.194.163.107	10.1.10.1	GQUIC	1378
350459	44:35.1	173.194.163.107	10.1.10.1	GQUIC	1378
350460	44:35.1	173.194.163.107	10.1.10.1	GQUIC	1378
350461	44:35.1	173.194.163.107	10.1.10.1	GQUIC	1378
350462	44:35.1	173.194.163.107	10.1.10.1	GQUIC	1378
350463	44:35.1	173.194.163.107	10.1.10.1	GQUIC	1378
350464	44:35.1	173.194.163.107	10.1.10.1	GQUIC	1378
350465	44:35.1	173.194.163.107	10.1.10.1	GQUIC	295
350466	44:35.1	173.194.163.107	10.1.10.1	GQUIC	1378
350467	44:35.1	173.194.163.107	10.1.10.1	GQUIC	1378
350468	44:35.1	173.194.163.107	10.1.10.1	GQUIC	1378
350469	44:35.1	173.194.163.107	10.1.10.1	GQUIC	1378
350470	44:35.1	173.194.163.107	10.1.10.1	GQUIC	1378
350471	44:35.1	173.194.163.107	10.1.10.1	GQUIC	1378
350472	44:35.1	173.194.163.107	10.1.10.1	GQUIC	1378
350473	44:35.1	173.194.163.107	10.1.10.1	GQUIC	1378
350474	44:35.1	173.194.163.107	10.1.10.1	GQUIC	1378
350475	44:35.1	173.194.163.107	10.1.10.1	GQUIC	1378
350476	44:35.1	173.194.163.107	10.1.10.1	GQUIC	1378
350477	44:35.1	173.194.163.107	10.1.10.1	GQUIC	1378
350478	44:35.1	173.194.163.107	10.1.10.1	GQUIC	1378
350479	44:35.1	173.194.163.107	10.1.10.1	GQUIC	1378
350480	44:35.1	173.194.163.107	10.1.10.1	GQUIC	1378
350481	44:35.1	173.194.163.107	10.1.10.1	GQUIC	1378
350482	44:35.1	173.194.163.107	10.1.10.1	GQUIC	1378
350483	44:35.1	173.194.163.107	10.1.10.1	GQUIC	1378
350484	44:35.1	173.194.163.107	10.1.10.1	GQUIC	1378
350485	44:35.1	173.194.163.107	10.1.10.1	GQUIC	1378
350486	44:35.1	173.194.163.107	10.1.10.1	GQUIC	1378
350487	44:35.1	173.194.163.107	10.1.10.1	GQUIC	1378
350488	44:35.1	173.194.163.107	10.1.10.1	GQUIC	1378
350489	44:35.1	173.194.163.107	10.1.10.1	GQUIC	1378
350490	44:35.1	173.194.163.107	10.1.10.1	GQUIC	1378
350491	44:35.1	173.194.163.107	10.1.10.1	GQUIC	1378
350492	44:35.1	173.194.163.107	10.1.10.1	GQUIC	1378
350493	44:35.1	173.194.163.107	10.1.10.1	GQUIC	1378
350494	44:35.1	173.194.163.107	10.1.10.1	GQUIC	1378
350495	44:35.1	173.194.163.107	10.1.10.1	GQUIC	1378
350496	44:35.1	173.194.163.107	10.1.10.1	GQUIC	1378
350497	44:35.1	173.194.163.107	10.1.10.1	GQUIC	1378
350498	44:35.1	173.194.163.107	10.1.10.1	GQUIC	1378
350499	44:35.1	173.194.163.107	10.1.10.1	GQUIC	1378
350500	44:35.1	173.194.163.107	10.1.10.1	GQUIC	1378
350501	44:35.1	173.194.163.107	10.1.10.1	GQUIC	1378
350502	44:35.2	173.194.163.107	10.1.10.1	GQUIC	1378
350503	44:35.2	173.194.163.107	10.1.10.1	GQUIC	1378
350504	44:35.2	173.194.163.107	10.1.10.1	GQUIC	1378
350505	44:35.2	173.194.163.107	10.1.10.1	GQUIC	1378
350506	44:35.2	173.194.163.107	10.1.10.1	GQUIC	1378
350507	44:35.2	173.194.163.107	10.1.10.1	GQUIC	1378
350508	44:35.2	173.194.163.107	10.1.10.1	GQUIC	1378
350509	44:35.2	173.194.163.107	10.1.10.1	GQUIC	1378
350510	44:35.2	173.194.163.107	10.1.10.1	GQUIC	1378
350511	44:35.2	173.194.163.107	10.1.10.1	GQUIC	1378
350512	44:35.2	173.194.163.107	10.1.10.1	GQUIC	1378
350513	44:35.2	173.194.163.107	10.1.10.1	GQUIC	1378
350514	44:35.2	173.194.163.107	10.1.10.1	GQUIC	1378
350515	44:35.2	173.194.163.107	10.1.10.1	GQUIC	388
350516	44:35.2	173.194.163.107	10.1.10.1	GQUIC	1378
350517	44:35.2	173.194.163.107	10.1.10.1	GQUIC	1378
350518	44:35.2	173.194.163.107	10.1.10.1	GQUIC	1378
350519	44:35.2	173.194.163.107	10.1.10.1	GQUIC	1378
350520	44:35.2	173.194.163.107	10.1.10.1	GQUIC	1378
350521	44:35.2	173.194.163.107	10.1.10.1	GQUIC	1378
350522	44:35.2	173.194.163.107	10.1.10.1	GQUIC	1378
350523	44:35.2	173.194.163.107	10.1.10.1	GQUIC	1378
350524	44:35.2	173.194.163.107	10.1.10.1	GQUIC	1378
350525	44:35.2	173.194.163.107	10.1.10.1	GQUIC	1378
350526	44:35.2	173.194.163.107	10.1.10.1	GQUIC	1378
350527	44:35.2	173.194.163.107	10.1.10.1	GQUIC	1378
350528	44:35.2	173.194.163.107	10.1.10.1	GQUIC	1378
350529	44:35.2	173.194.163.107	10.1.10.1	GQUIC	1378
350530	44:35.2	173.194.163.107	10.1.10.1	GQUIC	1378
350531	44:35.2	173.194.163.107	10.1.10.1	GQUIC	1378
350532	44:35.2	173.194.163.107	10.1.10.1	GQUIC	1378
350533	44:35.2	173.194.163.107	10.1.10.1	GQUIC	1378
350534	44:35.2	173.194.163.107	10.1.10.1	GQUIC	1378
350535	44:35.2	173.194.163.107	10.1.10.1	GQUIC	1378
350536	44:35.2	173.194.163.107	10.1.10.1	GQUIC	1378
350537	44:35.2	173.194.163.107	10.1.10.1	GQUIC	1378
350538	44:35.2	173.194.163.107	10.1.10.1	GQUIC	1378
350539	44:35.2	173.194.163.107	10.1.10.1	GQUIC	1378
350540	44:35.2	173.194.163.107	10.1.10.1	GQUIC	1378
350541	44:35.2	173.194.163.107	10.1.10.1	GQUIC	1378
350542	44:35.2	173.194.163.107	10.1.10.1	GQUIC	1378
350543	44:35.2	173.194.163.107	10.1.10.1	GQUIC	1378
350544	44:35.2	173.194.163.107	10.1.10.1	GQUIC	1378
350545	44:35.2	173.194.163.107	10.1.10.1	GQUIC	1378
350546	44:35.2	173.194.163.107	10.1.10.1	GQUIC	1378
350547	44:35.2	173.194.163.107	10.1.10.1	GQUIC	1378
350548	44:35.2	173.194.163.107	10.1.10.1	GQUIC	1378
350549	44:35.2	173.194.163.107	10.1.10.1	GQUIC	1378
350550	44:35.2	173.194.163.107	10.1.10.1	GQUIC	1378
350551	44:35.2	173.194.163.107	10.1.10.1	GQUIC	1378
350552	44:35.2	173.194.163.107	10.1.10.1	GQUIC	1378
350553	44:35.2	173.194.163.107	10.1.10.1	GQUIC	1378
350554	44:35.2	173.194.163.107	10.1.10.1	GQUIC	1378
350555	44:35.2	173.194.163.107	10.1.10.1	GQUIC	1378
350556	44:35.2	173.194.163.107	10.1.10.1	GQUIC	1378
350557	44:35.2	173.194.163.107	10.1.10.1	GQUIC	1378
350558	44:35.2	173.194.163.107	10.1.10.1	GQUIC	1378
350559	44:35.2	173.194.163.107	10.1.10.1	GQUIC	1378
350560	44:35.2	173.194.163.107	10.1.10.1	GQUIC	1378
350561	44:35.2	173.194.163.107	10.1.10.1	GQUIC	1079
350562	44:35.2	10.1.10.1	173.194.163.107	GQUIC	57
350563	44:35.2	10.1.10.1	173.194.163.107	GQUIC	57
350564	44:35.2	10.1.10.1	173.194.163.107	GQUIC	57
350565	44:35.2	10.1.10.1	173.194.163.107	GQUIC	57
350566	44:35.2	10.1.10.1	173.194.163.107	GQUIC	57
350567	44:35.2	10.1.10.1	173.194.163.107	GQUIC	57
350568	44:35.2	10.1.10.1	173.194.163.107	GQUIC	57
350569	44:35.2	10.1.10.1	173.194.163.107	GQUIC	57
350570	44:35.2	10.1.10.1	173.194.163.107	GQUIC	57
350571	44:35.2	10.1.10.1	173.194.163.107	GQUIC	57
350572	44:35.2	10.1.10.1	173.194.163.107	GQUIC	57
350573	44:35.2	173.194.163.107	10.1.10.1	GQUIC	50
350574	44:35.2	173.194.163.107	10.1.10.1	GQUIC	1371
350575	44:35.2	10.1.10.1	173.194.163.107	GQUIC	57
350576	44:40.0	10.1.10.1	173.194.163.107	GQUIC	591
350577	44:40.1	10.1.10.1	173.194.163.107	GQUIC	590
350578	44:40.1	173.194.163.107	10.1.10.1	GQUIC	1378
350579	44:40.1	173.194.163.107	10.1.10.1	GQUIC	1378
350580	44:40.1	173.194.163.107	10.1.10.1	GQUIC	1378
350581	44:40.1	173.194.163.107	10.1.10.1	GQUIC	1378
350582	44:40.1	173.194.163.107	10.1.10.1	GQUIC	1378
350583	44:40.1	173.194.163.107	10.1.10.1	GQUIC	1378
350584	44:40.1	173.194.163.107	10.1.10.1	GQUIC	1378
350585	44:40.1	173.194.163.107	10.1.10.1	GQUIC	1378
350586	44:40.1	173.194.163.107	10.1.10.1	GQUIC	1378
350587	44:40.1	173.194.163.107	10.1.10.1	GQUIC	1378
350588	44:40.1	173.194.163.107	10.1.10.1	GQUIC	1378
350589	44:40.1	173.194.163.107	10.1.10.1	GQUIC	1378
350590	44:40.1	173.194.163.107	10.1.10.1	GQUIC	1378
350591	44:40.1	10.1.10.1	173.194.163.107	GQUIC	57
350592	44:40.1	10.1.10.1	173.194.163.107	GQUIC	597
350593	44:40.2	173.194.163.107	10.1.10.1	GQUIC	1378
350594	44:40.2	173.194.163.107	10.1.10.1	GQUIC	1378
350595	44:40.2	173.194.163.107	10.1.10.1	GQUIC	1378
350596	44:40.2	173.194.163.107	10.1.10.1	GQUIC	1378
350597	44:40.2	173.194.163.107	10.1.10.1	GQUIC	1378
350598	44:40.2	10.1.10.1	173.194.163.107	GQUIC	57
350599	44:40.2	173.194.163.107	10.1.10.1	GQUIC	1378
350600	44:40.2	173.194.163.107	10.1.10.1	GQUIC	1378
350601	44:40.2	173.194.163.107	10.1.10.1	GQUIC	1378
350602	44:40.2	173.194.163.107	10.1.10.1	GQUIC	1378
350603	44:40.2	173.194.163.107	10.1.10.1	GQUIC	1378
350604	44:40.2	173.194.163.107	10.1.10.1	GQUIC	1378
350605	44:40.2	173.194.163.107	10.1.10.1	GQUIC	1378
350606	44:40.2	173.194.163.107	10.1.10.1	GQUIC	1378
350607	44:40.2	173.194.163.107	10.1.10.1	GQUIC	1378
350608	44:40.2	173.194.163.107	10.1.10.1	GQUIC	1378
350609	44:40.2	173.194.163.107	10.1.10.1	GQUIC	1378
350610	44:40.2	173.194.163.107	10.1.10.1	GQUIC	1378
350611	44:40.2	173.194.163.107	10.1.10.1	GQUIC	1378
350612	44:40.2	173.194.163.107	10.1.10.1	GQUIC	1378
350613	44:40.2	173.194.163.107	10.1.10.1	GQUIC	1378
350614	44:40.2	173.194.163.107	10.1.10.1	GQUIC	1378
350615	44:40.2	173.194.163.107	10.1.10.1	GQUIC	1378
350616	44:40.2	173.194.163.107	10.1.10.1	GQUIC	1378
350617	44:40.2	173.194.163.107	10.1.10.1	GQUIC	1378
350618	44:40.2	173.194.163.107	10.1.10.1	GQUIC	1378
350619	44:40.2	173.194.163.107	10.1.10.1	GQUIC	1378
350620	44:40.2	173.194.163.107	10.1.10.1	GQUIC	1378
350621	44:40.2	173.194.163.107	10.1.10.1	GQUIC	1378
350622	44:40.2	173.194.163.107	10.1.10.1	GQUIC	1378
350623	44:40.2	173.194.163.107	10.1.10.1	GQUIC	1378
350624	44:40.2	10.1.10.1	173.194.163.107	GQUIC	57
350625	44:40.2	10.1.10.1	173.194.163.107	GQUIC	57
350626	44:40.2	10.1.10.1	173.194.163.107	GQUIC	57
350627	44:40.2	173.194.163.107	10.1.10.1	GQUIC	1378
350628	44:40.2	173.194.163.107	10.1.10.1	GQUIC	1378
350629	44:40.2	10.1.10.1	173.194.163.107	GQUIC	57
350630	44:40.2	173.194.163.107	10.1.10.1	GQUIC	1378
350631	44:40.2	173.194.163.107	10.1.10.1	GQUIC	1378
350632	44:40.2	173.194.163.107	10.1.10.1	GQUIC	1378
350633	44:40.2	173.194.163.107	10.1.10.1	GQUIC	1378
350634	44:40.2	173.194.163.107	10.1.10.1	GQUIC	1378
350635	44:40.3	173.194.163.107	10.1.10.1	GQUIC	1378
350636	44:40.3	173.194.163.107	10.1.10.1	GQUIC	1378
350637	44:40.3	173.194.163.107	10.1.10.1	GQUIC	1378
350638	44:40.3	173.194.163.107	10.1.10.1	GQUIC	1378
350639	44:40.3	173.194.163.107	10.1.10.1	GQUIC	1378
350640	44:40.3	173.194.163.107	10.1.10.1	GQUIC	1378
350641	44:40.3	173.194.163.107	10.1.10.1	GQUIC	1378
350642	44:40.3	173.194.163.107	10.1.10.1	GQUIC	1378
350643	44:40.3	173.194.163.107	10.1.10.1	GQUIC	1378
350644	44:40.3	173.194.163.107	10.1.10.1	GQUIC	1378
350645	44:40.3	173.194.163.107	10.1.10.1	GQUIC	1378
350646	44:40.3	173.194.163.107	10.1.10.1	GQUIC	1378
350647	44:40.3	173.194.163.107	10.1.10.1	GQUIC	1378
350648	44:40.3	173.194.163.107	10.1.10.1	GQUIC	1378
350649	44:40.3	173.194.163.107	10.1.10.1	GQUIC	1378
350650	44:40.3	173.194.163.107	10.1.10.1	GQUIC	1378
350651	44:40.3	173.194.163.107	10.1.10.1	GQUIC	1378
350652	44:40.3	173.194.163.107	10.1.10.1	GQUIC	1378
350653	44:40.3	173.194.163.107	10.1.10.1	GQUIC	1378
350654	44:40.3	173.194.163.107	10.1.10.1	GQUIC	1378
350655	44:40.3	173.194.163.107	10.1.10.1	GQUIC	1378
350656	44:40.3	173.194.163.107	10.1.10.1	GQUIC	1378
350657	44:40.3	173.194.163.107	10.1.10.1	GQUIC	1378
350658	44:40.3	173.194.163.107	10.1.10.1	GQUIC	1378
350659	44:40.3	173.194.163.107	10.1.10.1	GQUIC	1378
350660	44:40.3	173.194.163.107	10.1.10.1	GQUIC	1378
350661	44:40.3	173.194.163.107	10.1.10.1	GQUIC	1378
350662	44:40.3	173.194.163.107	10.1.10.1	GQUIC	1378
350663	44:40.3	173.194.163.107	10.1.10.1	GQUIC	1378
350664	44:40.3	173.194.163.107	10.1.10.1	GQUIC	1378
350665	44:40.3	173.194.163.107	10.1.10.1	GQUIC	1378
350666	44:40.3	173.194.163.107	10.1.10.1	GQUIC	1378
350667	44:40.3	173.194.163.107	10.1.10.1	GQUIC	1378
350668	44:40.3	173.194.163.107	10.1.10.1	GQUIC	1378
350669	44:40.3	173.194.163.107	10.1.10.1	GQUIC	1378
350670	44:40.3	173.194.163.107	10.1.10.1	GQUIC	1378
350671	44:40.3	173.194.163.107	10.1.10.1	GQUIC	1378
350672	44:40.3	173.194.163.107	10.1.10.1	GQUIC	1378
350673	44:40.3	173.194.163.107	10.1.10.1	GQUIC	1378
350674	44:40.3	173.194.163.107	10.1.10.1	GQUIC	1378
350675	44:40.3	173.194.163.107	10.1.10.1	GQUIC	1378
350676	44:40.3	173.194.163.107	10.1.10.1	GQUIC	1378
350677	44:40.3	173.194.163.107	10.1.10.1	GQUIC	1378
350678	44:40.3	173.194.163.107	10.1.10.1	GQUIC	1378
350679	44:40.3	173.194.163.107	10.1.10.1	GQUIC	1378
350680	44:40.3	173.194.163.107	10.1.10.1	GQUIC	1378
350681	44:40.3	173.194.163.107	10.1.10.1	GQUIC	1378
350682	44:40.3	173.194.163.107	10.1.10.1	GQUIC	1378
350683	44:40.3	173.194.163.107	10.1.10.1	GQUIC	1378
350684	44:40.3	173.194.163.107	10.1.10.1	GQUIC	1378
350685	44:40.3	173.194.163.107	10.1.10.1	GQUIC	1378
350686	44:40.3	173.194.163.107	10.1.10.1	GQUIC	1378
350687	44:40.3	173.194.163.107	10.1.10.1	GQUIC	1378
350688	44:40.3	173.194.163.107	10.1.10.1	GQUIC	1378
350689	44:40.3	173.194.163.107	10.1.10.1	GQUIC	1378
350690	44:40.3	173.194.163.107	10.1.10.1	GQUIC	1378
350691	44:40.3	173.194.163.107	10.1.10.1	GQUIC	1378
350692	44:40.3	173.194.163.107	10.1.10.1	GQUIC	1378
350693	44:40.3	173.194.163.107	10.1.10.1	GQUIC	1378
350694	44:40.3	173.194.163.107	10.1.10.1	GQUIC	1378
350695	44:40.3	173.194.163.107	10.1.10.1	GQUIC	1378
350696	44:40.3	173.194.163.107	10.1.10.1	GQUIC	1378
350697	44:40.3	173.194.163.107	10.1.10.1	GQUIC	1378
350698	44:40.3	173.194.163.107	10.1.10.1	GQUIC	1378
350699	44:40.3	173.194.163.107	10.1.10.1	GQUIC	1378
350700	44:40.3	173.194.163.107	10.1.10.1	GQUIC	1378
350701	44:40.3	173.194.163.107	10.1.10.1	GQUIC	1378
350702	44:40.3	173.194.163.107	10.1.10.1	GQUIC	1378
350703	44:40.3	173.194.163.107	10.1.10.1	GQUIC	1378
350704	44:40.3	173.194.163.107	10.1.10.1	GQUIC	1378
350705	44:40.3	173.194.163.107	10.1.10.1	GQUIC	1378
350706	44:40.3	173.194.163.107	10.1.10.1	GQUIC	1378
350707	44:40.3	173.194.163.107	10.1.10.1	GQUIC	1378
350708	44:40.3	173.194.163.107	10.1.10.1	GQUIC	1378
350709	44:40.3	173.194.163.107	10.1.10.1	GQUIC	1378
350710	44:40.3	173.194.163.107	10.1.10.1	GQUIC	1378
350711	44:40.3	173.194.163.107	10.1.10.1	GQUIC	1378
350712	44:40.3	173.194.163.107	10.1.10.1	GQUIC	1378
350713	44:40.3	173.194.163.107	10.1.10.1	GQUIC	1378
350714	44:40.3	173.194.163.107	10.1.10.1	GQUIC	1378
350715	44:40.3	173.194.163.107	10.1.10.1	GQUIC	1378
350716	44:40.3	173.194.163.107	10.1.10.1	GQUIC	1378
350717	44:40.3	173.194.163.107	10.1.10.1	GQUIC	1378
350718	44:40.3	173.194.163.107	10.1.10.1	GQUIC	310
350719	44:40.3	173.194.163.107	10.1.10.1	GQUIC	1378
350720	44:40.3	173.194.163.107	10.1.10.1	GQUIC	1378
350721	44:40.3	173.194.163.107	10.1.10.1	GQUIC	1378
350722	44:40.3	173.194.163.107	10.1.10.1	GQUIC	1378
350723	44:40.3	173.194.163.107	10.1.10.1	GQUIC	1378
350724	44:40.3	173.194.163.107	10.1.10.1	GQUIC	1378
350725	44:40.3	173.194.163.107	10.1.10.1	GQUIC	1378
350726	44:40.3	173.194.163.107	10.1.10.1	GQUIC	1378
350727	44:40.3	173.194.163.107	10.1.10.1	GQUIC	1378
350728	44:40.3	173.194.163.107	10.1.10.1	GQUIC	1378
350729	44:40.3	173.194.163.107	10.1.10.1	GQUIC	1378
350730	44:40.3	173.194.163.107	10.1.10.1	GQUIC	1378
350731	44:40.3	173.194.163.107	10.1.10.1	GQUIC	1378
350732	44:40.3	173.194.163.107	10.1.10.1	GQUIC	1378
350733	44:40.3	173.194.163.107	10.1.10.1	GQUIC	1378
350734	44:40.3	173.194.163.107	10.1.10.1	GQUIC	1378
350735	44:40.3	173.194.163.107	10.1.10.1	GQUIC	1378
350736	44:40.3	173.194.163.107	10.1.10.1	GQUIC	1378
350737	44:40.3	173.194.163.107	10.1.10.1	GQUIC	1378
350738	44:40.3	173.194.163.107	10.1.10.1	GQUIC	1378
350739	44:40.3	173.194.163.107	10.1.10.1	GQUIC	1378
350740	44:40.3	173.194.163.107	10.1.10.1	GQUIC	1378
350741	44:40.3	173.194.163.107	10.1.10.1	GQUIC	1378
350742	44:40.3	173.194.163.107	10.1.10.1	GQUIC	1378
350743	44:40.3	173.194.163.107	10.1.10.1	GQUIC	381
350744	44:40.3	173.194.163.107	10.1.10.1	GQUIC	1378
350745	44:40.3	173.194.163.107	10.1.10.1	GQUIC	54
350746	44:40.3	10.1.10.1	173.194.163.107	GQUIC	590
350747	44:40.3	10.1.10.1	173.194.163.107	GQUIC	57
350748	44:40.3	10.1.10.1	173.194.163.107	GQUIC	57
350749	44:40.3	10.1.10.1	173.194.163.107	GQUIC	57
350750	44:40.3	10.1.10.1	173.194.163.107	GQUIC	57
350751	44:40.3	10.1.10.1	173.194.163.107	GQUIC	57
350752	44:40.3	10.1.10.1	173.194.163.107	GQUIC	57
350753	44:40.3	10.1.10.1	173.194.163.107	GQUIC	57
350754	44:40.3	10.1.10.1	173.194.163.107	GQUIC	57
350755	44:40.3	10.1.10.1	173.194.163.107	GQUIC	57
350756	44:40.3	10.1.10.1	173.194.163.107	GQUIC	68
350757	44:40.3	173.194.163.107	10.1.10.1	GQUIC	1378
350758	44:40.4	10.1.10.1	173.194.163.107	GQUIC	68
350759	44:40.4	173.194.163.107	10.1.10.1	GQUIC	1378
350760	44:40.4	173.194.163.107	10.1.10.1	GQUIC	1378
350761	44:40.4	173.194.163.107	10.1.10.1	GQUIC	1378
350762	44:40.4	173.194.163.107	10.1.10.1	GQUIC	1378
350763	44:40.4	173.194.163.107	10.1.10.1	GQUIC	1378
350764	44:40.4	10.1.10.1	173.194.163.107	GQUIC	57
350765	44:40.4	173.194.163.107	10.1.10.1	GQUIC	1378
350766	44:40.4	10.1.10.1	173.194.163.107	GQUIC	57
350767	44:40.4	173.194.163.107	10.1.10.1	GQUIC	1378
350768	44:40.4	173.194.163.107	10.1.10.1	GQUIC	1378
350769	44:40.4	173.194.163.107	10.1.10.1	GQUIC	1378
350770	44:40.4	173.194.163.107	10.1.10.1	GQUIC	1378
350771	44:40.4	173.194.163.107	10.1.10.1	GQUIC	1378
350772	44:40.4	173.194.163.107	10.1.10.1	GQUIC	1378
350773	44:40.4	173.194.163.107	10.1.10.1	GQUIC	1378
350774	44:40.4	10.1.10.1	173.194.163.107	GQUIC	57
350775	44:40.4	173.194.163.107	10.1.10.1	GQUIC	1378
350776	44:40.4	173.194.163.107	10.1.10.1	GQUIC	1378
350777	44:40.4	173.194.163.107	10.1.10.1	GQUIC	1378
350778	44:40.4	173.194.163.107	10.1.10.1	GQUIC	1378
350779	44:40.4	10.1.10.1	173.194.163.107	GQUIC	57
350780	44:40.4	10.1.10.1	173.194.163.107	GQUIC	57
350781	44:40.4	173.194.163.107	10.1.10.1	GQUIC	1378
350782	44:40.4	173.194.163.107	10.1.10.1	GQUIC	1378
350783	44:40.4	10.1.10.1	173.194.163.107	GQUIC	57
350784	44:40.5	173.194.163.107	10.1.10.1	GQUIC	1378
350785	44:40.5	173.194.163.107	10.1.10.1	GQUIC	1378
350786	44:40.5	173.194.163.107	10.1.10.1	GQUIC	1378
350787	44:40.5	173.194.163.107	10.1.10.1	GQUIC	1378
350788	44:40.5	173.194.163.107	10.1.10.1	GQUIC	1378
350789	44:40.5	173.194.163.107	10.1.10.1	GQUIC	1378
350790	44:40.5	173.194.163.107	10.1.10.1	GQUIC	1378
350791	44:40.5	173.194.163.107	10.1.10.1	GQUIC	1378
350792	44:40.5	173.194.163.107	10.1.10.1	GQUIC	1378
350793	44:40.5	173.194.163.107	10.1.10.1	GQUIC	1378
350794	44:40.5	173.194.163.107	10.1.10.1	GQUIC	1378
350795	44:40.5	173.194.163.107	10.1.10.1	GQUIC	1378
350796	44:40.5	173.194.163.107	10.1.10.1	GQUIC	1378
350797	44:40.5	173.194.163.107	10.1.10.1	GQUIC	1378
350798	44:40.5	173.194.163.107	10.1.10.1	GQUIC	1378
350799	44:40.5	173.194.163.107	10.1.10.1	GQUIC	1378
350800	44:40.5	173.194.163.107	10.1.10.1	GQUIC	1378
350801	44:40.5	173.194.163.107	10.1.10.1	GQUIC	1378
350802	44:40.5	173.194.163.107	10.1.10.1	GQUIC	1378
350803	44:40.5	173.194.163.107	10.1.10.1	GQUIC	1378
350804	44:40.5	173.194.163.107	10.1.10.1	GQUIC	1378
350805	44:40.5	173.194.163.107	10.1.10.1	GQUIC	1378
350806	44:40.5	173.194.163.107	10.1.10.1	GQUIC	1378
350807	44:40.5	173.194.163.107	10.1.10.1	GQUIC	1378
350808	44:40.5	173.194.163.107	10.1.10.1	GQUIC	1378
350809	44:40.5	173.194.163.107	10.1.10.1	GQUIC	1378
350810	44:40.5	173.194.163.107	10.1.10.1	GQUIC	1378
350811	44:40.5	173.194.163.107	10.1.10.1	GQUIC	1378
350812	44:40.5	173.194.163.107	10.1.10.1	GQUIC	1378
350813	44:40.5	173.194.163.107	10.1.10.1	GQUIC	1378
350814	44:40.5	173.194.163.107	10.1.10.1	GQUIC	1378
350815	44:40.5	173.194.163.107	10.1.10.1	GQUIC	1378
350816	44:40.5	173.194.163.107	10.1.10.1	GQUIC	1378
350817	44:40.5	173.194.163.107	10.1.10.1	GQUIC	1378
350818	44:40.5	173.194.163.107	10.1.10.1	GQUIC	1378
350819	44:40.5	173.194.163.107	10.1.10.1	GQUIC	1378
350820	44:40.5	173.194.163.107	10.1.10.1	GQUIC	1378
350821	44:40.5	173.194.163.107	10.1.10.1	GQUIC	1378
350822	44:40.5	173.194.163.107	10.1.10.1	GQUIC	1378
350823	44:40.5	173.194.163.107	10.1.10.1	GQUIC	1378
350824	44:40.5	173.194.163.107	10.1.10.1	GQUIC	1378
350825	44:40.5	173.194.163.107	10.1.10.1	GQUIC	1378
350826	44:40.5	173.194.163.107	10.1.10.1	GQUIC	1378
350827	44:40.5	173.194.163.107	10.1.10.1	GQUIC	1378
350828	44:40.5	173.194.163.107	10.1.10.1	GQUIC	572
350829	44:40.5	173.194.163.107	10.1.10.1	GQUIC	1378
350830	44:40.5	173.194.163.107	10.1.10.1	GQUIC	1378
350831	44:40.5	173.194.163.107	10.1.10.1	GQUIC	1378
350832	44:40.5	173.194.163.107	10.1.10.1	GQUIC	1378
350833	44:40.5	173.194.163.107	10.1.10.1	GQUIC	1378
350834	44:40.5	173.194.163.107	10.1.10.1	GQUIC	1378
350835	44:40.5	173.194.163.107	10.1.10.1	GQUIC	1378
350836	44:40.5	173.194.163.107	10.1.10.1	GQUIC	1378
350837	44:40.5	173.194.163.107	10.1.10.1	GQUIC	1378
350838	44:40.5	173.194.163.107	10.1.10.1	GQUIC	1378
350839	44:40.5	173.194.163.107	10.1.10.1	GQUIC	1378
350840	44:40.5	173.194.163.107	10.1.10.1	GQUIC	1378
350841	44:40.5	173.194.163.107	10.1.10.1	GQUIC	1378
350842	44:40.5	173.194.163.107	10.1.10.1	GQUIC	1378
350843	44:40.5	173.194.163.107	10.1.10.1	GQUIC	1378
350844	44:40.5	173.194.163.107	10.1.10.1	GQUIC	1378
350845	44:40.5	173.194.163.107	10.1.10.1	GQUIC	1378
350846	44:40.5	173.194.163.107	10.1.10.1	GQUIC	1378
350847	44:40.5	173.194.163.107	10.1.10.1	GQUIC	1378
350848	44:40.5	173.194.163.107	10.1.10.1	GQUIC	1378
350849	44:40.5	173.194.163.107	10.1.10.1	GQUIC	1378
350850	44:40.5	173.194.163.107	10.1.10.1	GQUIC	1378
350851	44:40.5	173.194.163.107	10.1.10.1	GQUIC	1378
350852	44:40.5	173.194.163.107	10.1.10.1	GQUIC	1378
350853	44:40.5	173.194.163.107	10.1.10.1	GQUIC	1378
350854	44:40.5	173.194.163.107	10.1.10.1	GQUIC	1378
350855	44:40.5	173.194.163.107	10.1.10.1	GQUIC	1378
350856	44:40.5	173.194.163.107	10.1.10.1	GQUIC	1378
350857	44:40.5	173.194.163.107	10.1.10.1	GQUIC	1378
350858	44:40.5	173.194.163.107	10.1.10.1	GQUIC	1378
350859	44:40.5	173.194.163.107	10.1.10.1	GQUIC	1378
350860	44:40.5	173.194.163.107	10.1.10.1	GQUIC	1378
350861	44:40.5	10.1.10.1	173.194.163.107	GQUIC	57
350862	44:40.5	10.1.10.1	173.194.163.107	GQUIC	57
350863	44:40.5	10.1.10.1	173.194.163.107	GQUIC	70
350864	44:40.5	10.1.10.1	173.194.163.107	GQUIC	57
350865	44:40.5	10.1.10.1	173.194.163.107	GQUIC	57
350866	44:40.5	10.1.10.1	173.194.163.107	GQUIC	57
350867	44:40.5	10.1.10.1	173.194.163.107	GQUIC	57
350868	44:40.5	10.1.10.1	173.194.163.107	GQUIC	57
350869	44:40.5	10.1.10.1	173.194.163.107	GQUIC	57
350870	44:40.5	10.1.10.1	173.194.163.107	GQUIC	63
350871	44:40.5	173.194.163.107	10.1.10.1	GQUIC	1378
350872	44:40.5	173.194.163.107	10.1.10.1	GQUIC	48
350873	44:40.5	10.1.10.1	173.194.163.107	GQUIC	57
350874	44:40.6	173.194.163.107	10.1.10.1	GQUIC	50
350875	44:40.6	173.194.163.107	10.1.10.1	GQUIC	50
350876	44:45.1	10.1.10.1	173.194.163.107	GQUIC	597
350877	44:45.1	10.1.10.1	173.194.163.107	GQUIC	590
350878	44:45.1	173.194.163.107	10.1.10.1	GQUIC	1378
350879	44:45.1	173.194.163.107	10.1.10.1	GQUIC	1378
350880	44:45.1	173.194.163.107	10.1.10.1	GQUIC	1378
350881	44:45.1	173.194.163.107	10.1.10.1	GQUIC	1378
350882	44:45.2	173.194.163.107	10.1.10.1	GQUIC	1378
350883	44:45.2	173.194.163.107	10.1.10.1	GQUIC	1378
350884	44:45.2	173.194.163.107	10.1.10.1	GQUIC	1378
350885	44:45.2	173.194.163.107	10.1.10.1	GQUIC	1378
350886	44:45.2	173.194.163.107	10.1.10.1	GQUIC	1378
350887	44:45.2	173.194.163.107	10.1.10.1	GQUIC	1378
350888	44:45.2	173.194.163.107	10.1.10.1	GQUIC	1378
350889	44:45.2	173.194.163.107	10.1.10.1	GQUIC	1378
350890	44:45.2	173.194.163.107	10.1.10.1	GQUIC	1378
350891	44:45.2	173.194.163.107	10.1.10.1	GQUIC	1378
350892	44:45.2	173.194.163.107	10.1.10.1	GQUIC	1378
350893	44:45.2	173.194.163.107	10.1.10.1	GQUIC	1378
350894	44:45.2	173.194.163.107	10.1.10.1	GQUIC	1378
350895	44:45.2	173.194.163.107	10.1.10.1	GQUIC	1378
350896	44:45.2	173.194.163.107	10.1.10.1	GQUIC	1378
350897	44:45.2	173.194.163.107	10.1.10.1	GQUIC	1378
350898	44:45.2	10.1.10.1	173.194.163.107	GQUIC	57
350899	44:45.2	10.1.10.1	173.194.163.107	GQUIC	590
350900	44:45.2	10.1.10.1	173.194.163.107	GQUIC	57
350901	44:45.2	10.1.10.1	173.194.163.107	GQUIC	57
350902	44:45.2	10.1.10.1	173.194.163.107	GQUIC	590
350903	44:45.3	173.194.163.107	10.1.10.1	GQUIC	1378
350904	44:45.3	10.1.10.1	173.194.163.107	GQUIC	57
350905	44:45.3	173.194.163.107	10.1.10.1	GQUIC	1378
350906	44:45.3	173.194.163.107	10.1.10.1	GQUIC	1378
350907	44:45.3	173.194.163.107	10.1.10.1	GQUIC	1378
350908	44:45.3	173.194.163.107	10.1.10.1	GQUIC	295
350909	44:45.3	173.194.163.107	10.1.10.1	GQUIC	1378
350910	44:45.3	173.194.163.107	10.1.10.1	GQUIC	1378
350911	44:45.3	173.194.163.107	10.1.10.1	GQUIC	1378
350912	44:45.3	173.194.163.107	10.1.10.1	GQUIC	1378
350913	44:45.3	173.194.163.107	10.1.10.1	GQUIC	1378
350914	44:45.3	173.194.163.107	10.1.10.1	GQUIC	1378
350915	44:45.3	173.194.163.107	10.1.10.1	GQUIC	1378
350916	44:45.3	173.194.163.107	10.1.10.1	GQUIC	1378
350917	44:45.3	173.194.163.107	10.1.10.1	GQUIC	1378
350918	44:45.3	173.194.163.107	10.1.10.1	GQUIC	1378
350919	44:45.3	173.194.163.107	10.1.10.1	GQUIC	1378
350920	44:45.3	173.194.163.107	10.1.10.1	GQUIC	1378
350921	44:45.3	173.194.163.107	10.1.10.1	GQUIC	1378
350922	44:45.3	173.194.163.107	10.1.10.1	GQUIC	1378
350923	44:45.3	173.194.163.107	10.1.10.1	GQUIC	1378
350924	44:45.3	173.194.163.107	10.1.10.1	GQUIC	1378
350925	44:45.3	173.194.163.107	10.1.10.1	GQUIC	1378
350926	44:45.3	173.194.163.107	10.1.10.1	GQUIC	1378
350927	44:45.3	173.194.163.107	10.1.10.1	GQUIC	1378
350928	44:45.3	173.194.163.107	10.1.10.1	GQUIC	1378
350929	44:45.3	173.194.163.107	10.1.10.1	GQUIC	1378
350930	44:45.3	173.194.163.107	10.1.10.1	GQUIC	1378
350931	44:45.3	173.194.163.107	10.1.10.1	GQUIC	1378
350932	44:45.3	173.194.163.107	10.1.10.1	GQUIC	1378
350933	44:45.3	173.194.163.107	10.1.10.1	GQUIC	1378
350934	44:45.3	173.194.163.107	10.1.10.1	GQUIC	1378
350935	44:45.3	173.194.163.107	10.1.10.1	GQUIC	1378
350936	44:45.3	173.194.163.107	10.1.10.1	GQUIC	1378
350937	44:45.3	173.194.163.107	10.1.10.1	GQUIC	1378
350938	44:45.3	173.194.163.107	10.1.10.1	GQUIC	1378
350939	44:45.3	173.194.163.107	10.1.10.1	GQUIC	1378
350940	44:45.3	173.194.163.107	10.1.10.1	GQUIC	1378
350941	44:45.3	173.194.163.107	10.1.10.1	GQUIC	1378
350942	44:45.3	173.194.163.107	10.1.10.1	GQUIC	1378
350943	44:45.3	173.194.163.107	10.1.10.1	GQUIC	1378
350944	44:45.3	173.194.163.107	10.1.10.1	GQUIC	1378
350945	44:45.3	173.194.163.107	10.1.10.1	GQUIC	1378
350946	44:45.3	173.194.163.107	10.1.10.1	GQUIC	1378
350947	44:45.3	173.194.163.107	10.1.10.1	GQUIC	1378
350948	44:45.3	173.194.163.107	10.1.10.1	GQUIC	1378
350949	44:45.3	173.194.163.107	10.1.10.1	GQUIC	1378
350950	44:45.3	173.194.163.107	10.1.10.1	GQUIC	1378
350951	44:45.3	173.194.163.107	10.1.10.1	GQUIC	1378
350952	44:45.3	173.194.163.107	10.1.10.1	GQUIC	1378
350953	44:45.3	173.194.163.107	10.1.10.1	GQUIC	1378
350954	44:45.3	173.194.163.107	10.1.10.1	GQUIC	1378
350955	44:45.3	173.194.163.107	10.1.10.1	GQUIC	1378
350956	44:45.3	173.194.163.107	10.1.10.1	GQUIC	1378
350957	44:45.3	173.194.163.107	10.1.10.1	GQUIC	1378
350958	44:45.3	173.194.163.107	10.1.10.1	GQUIC	1378
350959	44:45.3	173.194.163.107	10.1.10.1	GQUIC	1378
350960	44:45.3	173.194.163.107	10.1.10.1	GQUIC	1378
350961	44:45.3	173.194.163.107	10.1.10.1	GQUIC	1378
350962	44:45.3	173.194.163.107	10.1.10.1	GQUIC	1378
350963	44:45.3	173.194.163.107	10.1.10.1	GQUIC	1378
350964	44:45.3	173.194.163.107	10.1.10.1	GQUIC	1378
350965	44:45.3	173.194.163.107	10.1.10.1	GQUIC	1378
350966	44:45.3	173.194.163.107	10.1.10.1	GQUIC	1378
350967	44:45.3	173.194.163.107	10.1.10.1	GQUIC	1378
350968	44:45.3	173.194.163.107	10.1.10.1	GQUIC	1378
350969	44:45.3	173.194.163.107	10.1.10.1	GQUIC	1378
350970	44:45.3	173.194.163.107	10.1.10.1	GQUIC	1378
350971	44:45.3	173.194.163.107	10.1.10.1	GQUIC	1378
350972	44:45.3	173.194.163.107	10.1.10.1	GQUIC	1378
350973	44:45.3	173.194.163.107	10.1.10.1	GQUIC	1378
350974	44:45.3	173.194.163.107	10.1.10.1	GQUIC	1378
350975	44:45.3	173.194.163.107	10.1.10.1	GQUIC	1378
350976	44:45.3	173.194.163.107	10.1.10.1	GQUIC	1378
350977	44:45.3	173.194.163.107	10.1.10.1	GQUIC	1378
350978	44:45.3	173.194.163.107	10.1.10.1	GQUIC	1378
350979	44:45.3	173.194.163.107	10.1.10.1	GQUIC	1378
350980	44:45.3	173.194.163.107	10.1.10.1	GQUIC	1378
350981	44:45.3	173.194.163.107	10.1.10.1	GQUIC	1378
350982	44:45.3	173.194.163.107	10.1.10.1	GQUIC	1236
350983	44:45.3	173.194.163.107	10.1.10.1	GQUIC	1378
350984	44:45.3	173.194.163.107	10.1.10.1	GQUIC	1378
350985	44:45.3	173.194.163.107	10.1.10.1	GQUIC	1378
350986	44:45.3	173.194.163.107	10.1.10.1	GQUIC	1378
350987	44:45.3	173.194.163.107	10.1.10.1	GQUIC	1378
350988	44:45.3	173.194.163.107	10.1.10.1	GQUIC	1378
350989	44:45.3	173.194.163.107	10.1.10.1	GQUIC	1378
350990	44:45.3	173.194.163.107	10.1.10.1	GQUIC	1378
350991	44:45.3	173.194.163.107	10.1.10.1	GQUIC	1378
350992	44:45.3	173.194.163.107	10.1.10.1	GQUIC	1378
350993	44:45.3	173.194.163.107	10.1.10.1	GQUIC	1378
350994	44:45.3	173.194.163.107	10.1.10.1	GQUIC	1378
350995	44:45.3	173.194.163.107	10.1.10.1	GQUIC	1378
350996	44:45.3	173.194.163.107	10.1.10.1	GQUIC	1378
350997	44:45.3	173.194.163.107	10.1.10.1	GQUIC	1378
350998	44:45.3	173.194.163.107	10.1.10.1	GQUIC	1378
350999	44:45.3	173.194.163.107	10.1.10.1	GQUIC	1378
351000	44:45.3	173.194.163.107	10.1.10.1	GQUIC	1378
351001	44:45.3	173.194.163.107	10.1.10.1	GQUIC	1378
351002	44:45.3	173.194.163.107	10.1.10.1	GQUIC	1378
351003	44:45.3	173.194.163.107	10.1.10.1	GQUIC	1378
351004	44:45.3	173.194.163.107	10.1.10.1	GQUIC	687
351005	44:45.3	173.194.163.107	10.1.10.1	GQUIC	50
351006	44:45.3	173.194.163.107	10.1.10.1	GQUIC	1371
351007	44:45.3	173.194.163.107	10.1.10.1	GQUIC	1378
351008	44:45.3	173.194.163.107	10.1.10.1	GQUIC	1378
351009	44:45.3	173.194.163.107	10.1.10.1	GQUIC	1378
351010	44:45.3	173.194.163.107	10.1.10.1	GQUIC	1378
351011	44:45.3	173.194.163.107	10.1.10.1	GQUIC	1378
351012	44:45.3	173.194.163.107	10.1.10.1	GQUIC	1378
351013	44:45.3	173.194.163.107	10.1.10.1	GQUIC	1378
351014	44:45.3	173.194.163.107	10.1.10.1	GQUIC	1378
351015	44:45.3	173.194.163.107	10.1.10.1	GQUIC	1378
351016	44:45.3	173.194.163.107	10.1.10.1	GQUIC	1378
351017	44:45.3	173.194.163.107	10.1.10.1	GQUIC	1378
351018	44:45.3	173.194.163.107	10.1.10.1	GQUIC	1378
351019	44:45.3	173.194.163.107	10.1.10.1	GQUIC	1378
351020	44:45.3	173.194.163.107	10.1.10.1	GQUIC	1378
351021	44:45.3	173.194.163.107	10.1.10.1	GQUIC	1378
351022	44:45.3	173.194.163.107	10.1.10.1	GQUIC	1378
351023	44:45.3	173.194.163.107	10.1.10.1	GQUIC	1378
351024	44:45.3	173.194.163.107	10.1.10.1	GQUIC	1378
351025	44:45.3	173.194.163.107	10.1.10.1	GQUIC	1378
351026	44:45.3	173.194.163.107	10.1.10.1	GQUIC	1378
351027	44:45.3	173.194.163.107	10.1.10.1	GQUIC	1378
351028	44:45.3	173.194.163.107	10.1.10.1	GQUIC	1378
351029	44:45.3	173.194.163.107	10.1.10.1	GQUIC	1378
351030	44:45.3	173.194.163.107	10.1.10.1	GQUIC	1378
351031	44:45.3	173.194.163.107	10.1.10.1	GQUIC	1378
351032	44:45.3	173.194.163.107	10.1.10.1	GQUIC	1378
351033	44:45.3	173.194.163.107	10.1.10.1	GQUIC	1378
351034	44:45.3	173.194.163.107	10.1.10.1	GQUIC	1378
351035	44:45.3	173.194.163.107	10.1.10.1	GQUIC	1378
351036	44:45.3	173.194.163.107	10.1.10.1	GQUIC	1378
351037	44:45.3	173.194.163.107	10.1.10.1	GQUIC	1378
351038	44:45.3	173.194.163.107	10.1.10.1	GQUIC	1378
351039	44:45.3	173.194.163.107	10.1.10.1	GQUIC	1378
351040	44:45.3	173.194.163.107	10.1.10.1	GQUIC	1378
351041	44:45.3	173.194.163.107	10.1.10.1	GQUIC	1378
351042	44:45.3	173.194.163.107	10.1.10.1	GQUIC	570
351043	44:45.3	173.194.163.107	10.1.10.1	GQUIC	1378
351044	44:45.3	173.194.163.107	10.1.10.1	GQUIC	1378
351045	44:45.3	173.194.163.107	10.1.10.1	GQUIC	1378
351046	44:45.3	173.194.163.107	10.1.10.1	GQUIC	1378
351047	44:45.3	173.194.163.107	10.1.10.1	GQUIC	1378
351048	44:45.3	173.194.163.107	10.1.10.1	GQUIC	1378
351049	44:45.3	173.194.163.107	10.1.10.1	GQUIC	1378
351050	44:45.3	173.194.163.107	10.1.10.1	GQUIC	1378
351051	44:45.3	173.194.163.107	10.1.10.1	GQUIC	1378
351052	44:45.3	173.194.163.107	10.1.10.1	GQUIC	1378
351053	44:45.3	173.194.163.107	10.1.10.1	GQUIC	1378
351054	44:45.3	173.194.163.107	10.1.10.1	GQUIC	1378
351055	44:45.3	173.194.163.107	10.1.10.1	GQUIC	1378
351056	44:45.3	173.194.163.107	10.1.10.1	GQUIC	1378
351057	44:45.3	173.194.163.107	10.1.10.1	GQUIC	1378
351058	44:45.4	173.194.163.107	10.1.10.1	GQUIC	1378
351059	44:45.4	173.194.163.107	10.1.10.1	GQUIC	1378
351060	44:45.4	173.194.163.107	10.1.10.1	GQUIC	1378
351061	44:45.4	173.194.163.107	10.1.10.1	GQUIC	1378
351062	44:45.4	173.194.163.107	10.1.10.1	GQUIC	1378
351063	44:45.4	173.194.163.107	10.1.10.1	GQUIC	1378
351064	44:45.4	173.194.163.107	10.1.10.1	GQUIC	1378
351065	44:45.4	173.194.163.107	10.1.10.1	GQUIC	1378
351066	44:45.4	173.194.163.107	10.1.10.1	GQUIC	1378
351067	44:45.4	173.194.163.107	10.1.10.1	GQUIC	1378
351068	44:45.4	173.194.163.107	10.1.10.1	GQUIC	1378
351069	44:45.4	173.194.163.107	10.1.10.1	GQUIC	1378
351070	44:45.4	173.194.163.107	10.1.10.1	GQUIC	1378
351071	44:45.4	173.194.163.107	10.1.10.1	GQUIC	1378
351072	44:45.4	173.194.163.107	10.1.10.1	GQUIC	1378
351073	44:45.4	173.194.163.107	10.1.10.1	GQUIC	1378
351074	44:45.4	173.194.163.107	10.1.10.1	GQUIC	1212
351075	44:45.4	173.194.163.107	10.1.10.1	GQUIC	50
351076	44:45.4	173.194.163.107	10.1.10.1	GQUIC	1378
351077	44:45.4	10.1.10.1	173.194.163.107	GQUIC	57
351078	44:45.4	10.1.10.1	173.194.163.107	GQUIC	57
351079	44:45.4	10.1.10.1	173.194.163.107	GQUIC	57
351080	44:45.4	10.1.10.1	173.194.163.107	GQUIC	57
351081	44:45.4	10.1.10.1	173.194.163.107	GQUIC	57
351082	44:45.4	10.1.10.1	173.194.163.107	GQUIC	57
351083	44:45.4	10.1.10.1	173.194.163.107	GQUIC	57
351084	44:45.4	10.1.10.1	173.194.163.107	GQUIC	57
351085	44:45.4	10.1.10.1	173.194.163.107	GQUIC	597
351086	44:45.4	10.1.10.1	173.194.163.107	GQUIC	57
351087	44:45.4	10.1.10.1	173.194.163.107	GQUIC	60
351088	44:45.4	10.1.10.1	173.194.163.107	GQUIC	60
351089	44:45.4	10.1.10.1	173.194.163.107	GQUIC	64
351090	44:45.4	10.1.10.1	173.194.163.107	GQUIC	66
351091	44:45.4	173.194.163.107	10.1.10.1	GQUIC	1378
351092	44:45.4	173.194.163.107	10.1.10.1	GQUIC	54
351093	44:45.4	10.1.10.1	173.194.163.107	GQUIC	66
351094	44:45.5	173.194.163.107	10.1.10.1	GQUIC	50
351095	44:45.5	173.194.163.107	10.1.10.1	GQUIC	1378
351096	44:45.5	173.194.163.107	10.1.10.1	GQUIC	1378
351097	44:45.5	173.194.163.107	10.1.10.1	GQUIC	1378
351098	44:45.5	173.194.163.107	10.1.10.1	GQUIC	1378
351099	44:45.5	173.194.163.107	10.1.10.1	GQUIC	1378
351100	44:45.5	173.194.163.107	10.1.10.1	GQUIC	1378
351101	44:45.5	173.194.163.107	10.1.10.1	GQUIC	1378
351102	44:45.5	173.194.163.107	10.1.10.1	GQUIC	1378
351103	44:45.5	173.194.163.107	10.1.10.1	GQUIC	1378
351104	44:45.5	173.194.163.107	10.1.10.1	GQUIC	1378
351105	44:45.5	173.194.163.107	10.1.10.1	GQUIC	1378
351106	44:45.5	173.194.163.107	10.1.10.1	GQUIC	1378
351107	44:45.5	173.194.163.107	10.1.10.1	GQUIC	1378
351108	44:45.5	173.194.163.107	10.1.10.1	GQUIC	1378
351109	44:45.5	173.194.163.107	10.1.10.1	GQUIC	1378
351110	44:45.5	173.194.163.107	10.1.10.1	GQUIC	1378
351111	44:45.5	173.194.163.107	10.1.10.1	GQUIC	1378
351112	44:45.5	173.194.163.107	10.1.10.1	GQUIC	1378
351113	44:45.5	173.194.163.107	10.1.10.1	GQUIC	1378
351114	44:45.5	173.194.163.107	10.1.10.1	GQUIC	1378
351115	44:45.5	173.194.163.107	10.1.10.1	GQUIC	1378
351116	44:45.5	173.194.163.107	10.1.10.1	GQUIC	1378
351117	44:45.5	173.194.163.107	10.1.10.1	GQUIC	1378
351118	44:45.5	173.194.163.107	10.1.10.1	GQUIC	1378
351119	44:45.5	173.194.163.107	10.1.10.1	GQUIC	1378
351120	44:45.5	173.194.163.107	10.1.10.1	GQUIC	1378
351121	44:45.5	173.194.163.107	10.1.10.1	GQUIC	1378
351122	44:45.5	173.194.163.107	10.1.10.1	GQUIC	1378
351123	44:45.5	173.194.163.107	10.1.10.1	GQUIC	1378
351124	44:45.5	173.194.163.107	10.1.10.1	GQUIC	1378
351125	44:45.5	173.194.163.107	10.1.10.1	GQUIC	1378
351126	44:45.5	173.194.163.107	10.1.10.1	GQUIC	1378
351127	44:45.5	173.194.163.107	10.1.10.1	GQUIC	1378
351128	44:45.5	173.194.163.107	10.1.10.1	GQUIC	1378
351129	44:45.5	173.194.163.107	10.1.10.1	GQUIC	1378
351130	44:45.5	173.194.163.107	10.1.10.1	GQUIC	1378
351131	44:45.5	173.194.163.107	10.1.10.1	GQUIC	1378
351132	44:45.5	173.194.163.107	10.1.10.1	GQUIC	1378
351133	44:45.5	173.194.163.107	10.1.10.1	GQUIC	1378
351134	44:45.5	173.194.163.107	10.1.10.1	GQUIC	55
351135	44:45.5	173.194.163.107	10.1.10.1	GQUIC	1378
351136	44:45.5	173.194.163.107	10.1.10.1	GQUIC	1378
351137	44:45.5	173.194.163.107	10.1.10.1	GQUIC	1378
351138	44:45.5	173.194.163.107	10.1.10.1	GQUIC	1378
351139	44:45.5	173.194.163.107	10.1.10.1	GQUIC	1378
351140	44:45.5	173.194.163.107	10.1.10.1	GQUIC	1378
351141	44:45.5	173.194.163.107	10.1.10.1	GQUIC	1378
351142	44:45.5	173.194.163.107	10.1.10.1	GQUIC	1378
351143	44:45.5	173.194.163.107	10.1.10.1	GQUIC	1378
351144	44:45.5	173.194.163.107	10.1.10.1	GQUIC	1378
351145	44:45.5	173.194.163.107	10.1.10.1	GQUIC	1378
351146	44:45.5	173.194.163.107	10.1.10.1	GQUIC	1378
351147	44:45.5	173.194.163.107	10.1.10.1	GQUIC	1378
351148	44:45.5	173.194.163.107	10.1.10.1	GQUIC	1378
351149	44:45.5	173.194.163.107	10.1.10.1	GQUIC	1378
351150	44:45.5	173.194.163.107	10.1.10.1	GQUIC	1378
351151	44:45.5	10.1.10.1	173.194.163.107	GQUIC	57
351152	44:45.5	10.1.10.1	173.194.163.107	GQUIC	57
351153	44:45.5	10.1.10.1	173.194.163.107	GQUIC	57
351154	44:45.5	10.1.10.1	173.194.163.107	GQUIC	57
351155	44:45.5	10.1.10.1	173.194.163.107	GQUIC	57
351156	44:45.5	10.1.10.1	173.194.163.107	GQUIC	57
351157	44:45.5	10.1.10.1	173.194.163.107	GQUIC	57
351158	44:45.6	10.1.10.1	173.194.163.107	GQUIC	57
351159	44:45.6	173.194.163.107	10.1.10.1	GQUIC	1378
351160	44:45.6	173.194.163.107	10.1.10.1	GQUIC	1378
351161	44:45.6	10.1.10.1	173.194.163.107	GQUIC	57
351162	44:45.6	173.194.163.107	10.1.10.1	GQUIC	1378
351163	44:45.6	173.194.163.107	10.1.10.1	GQUIC	1378
351164	44:45.6	173.194.163.107	10.1.10.1	GQUIC	1378
351165	44:45.6	173.194.163.107	10.1.10.1	GQUIC	1378
351166	44:45.6	173.194.163.107	10.1.10.1	GQUIC	1378
351167	44:45.6	173.194.163.107	10.1.10.1	GQUIC	1378
351168	44:45.6	173.194.163.107	10.1.10.1	GQUIC	1378
351169	44:45.6	173.194.163.107	10.1.10.1	GQUIC	1378
351170	44:45.6	173.194.163.107	10.1.10.1	GQUIC	1378
351171	44:45.6	173.194.163.107	10.1.10.1	GQUIC	1378
351172	44:45.6	173.194.163.107	10.1.10.1	GQUIC	1378
351173	44:45.6	173.194.163.107	10.1.10.1	GQUIC	1378
351174	44:45.6	173.194.163.107	10.1.10.1	GQUIC	1378
351175	44:45.6	173.194.163.107	10.1.10.1	GQUIC	421
351176	44:45.6	10.1.10.1	173.194.163.107	GQUIC	57
351177	44:45.6	10.1.10.1	173.194.163.107	GQUIC	57
351178	44:45.6	10.1.10.1	173.194.163.107	GQUIC	57
351179	44:45.7	173.194.163.107	10.1.10.1	GQUIC	1378
351180	44:45.7	10.1.10.1	173.194.163.107	GQUIC	57
351181	44:46.5	13.33.102.144	10.1.10.1	TLSv1.2	71
351182	44:46.5	13.33.102.144	10.1.10.1	TCP	40
351183	44:46.5	10.1.10.1	13.33.102.144	TCP	40
351184	44:52.8	10.1.10.1	173.194.163.107	GQUIC	590
351185	44:52.8	10.1.10.1	173.194.163.107	GQUIC	590
351186	44:52.8	173.194.163.107	10.1.10.1	GQUIC	1378
351187	44:52.8	173.194.163.107	10.1.10.1	GQUIC	1378
351188	44:52.9	173.194.163.107	10.1.10.1	GQUIC	1378
351189	44:52.9	173.194.163.107	10.1.10.1	GQUIC	1378
